label,Math,Read,Scie,Weight,Header,Header2
Very much,485,487.8557637,492.72957,49.8848892,Here again - understanding is the key to better performance,Question: I seek explanations for things?
Mostly,479,481.8661437,485.630954,50.12660503,,
Somewhat,463,466.119694,468.5475661,51.45718858,,
Not much,458,461.0597685,463.9853174,53.16359709,,
Not at all,420,419.3538292,425.8259771,53.26495567,,
