label,Math,Read,Scie,Weight,Header
Very much,485,487.8557637,492.72957,49.8848892,I seek explanations for things.
Not much,458,461.0597685,463.9853174,53.16359709,
Mostly,479,481.8661437,485.630954,50.12660503,
Somewhat,463,466.119694,468.5475661,51.45718858,
Not at all,420,419.3538292,425.8259771,53.26495567,
NA,463,464.7541174,468.6856887,51.20977224,
