"label","Math","Read","Scie","Weight","Header"
"Strongly disagree",486,489.7916665,491.9966749,45.41319885,I feel like an outsider (or left out of things) at school
"Disagree",474,478.177659,480.7820206,55.77391432
"Agree",442,439.9115282,447.7652095,53.2248823
"Strongly agree",399,388.7192584,403.3410951,47.97248265
"NA",464,465.3111917,469.6644129,51.16935135
