label,Math,Read,Scie,Weight,Header
Most Lessons,477,478.2085424,482.5990459,51.0801052,How often do the teacher gives extra help?
Every Lesson,471,473.8725405,477.4080097,52.53365355,
Some Lessons,469,474.2502468,475.9655643,49.78101033,
Never,464,469.1297338,472.4669409,41.68392055,
NA,465,466.5607268,470.9921776,51.03459487,
