label,Math,Read,Scie,Weight,Header,Header2^M
Strongly agree,481,399.8105071,417.2790042,43.63798359,Children should do things for passion,Question : School has not been a waste of time?^M
Agree,478,421.5643651,436.2373157,45.83131962,
Disagree,435,479.7742969,483.2200085,51.64465343,
Strongly disagree,415,489.5412139,489.3340103,51.45532342,
